{"x": [0.4093743247927903, 0.27107571836957867], "y": [0.38318942550655155, 0.18493811770944577], "w": [0.18421115891182632, 0.2196563399918849], "r": [1.4904588914861616, 1.168668368502243]}